short_code,before,after
--09fdIIig,💿연말 NO CLUB 💿 12. 11. 금요일 10PM-4AM 10000원 오시는 분들께 2016년 NO MUSIC 달력을 드립니다😈,연말 no club . . 금요일 pm - am 오시 는 분 들 께 no music 달력 을 드립니다 <EOS>
--4O1jBrrs,나 여행다녀오고 정말 많이 탔었구나 분홍이들,나 여행 다녀오고 정말 많이 UNK 분홍 이 들 <EOS>
--4fOvyiJZ,"나의 빡침을 감지하신건가... 어제 성 니콜라스의 날이었다고, 자기랑 배 나온 게 닮지 않았냐고 와하하하 웃으며 주신 초콜렛 ㅋㅋㅋㅋㅋㅋ 짱귀 ㅋㅋㅋㅋ 넘 귀여워서 배를 막 쓰다듬었더니 빵 터지셨당😅 하아.. 이게 뭐라고 기분이 사르르 풀리고 그르냐","나 의 UNK 감지 하신 건가 ... 어제 성 니콜라스 의 UNK , 자기 랑 배 나온 게 닮지 않았냐고 와 하하 하 웃으며 주신 초콜렛 ㅋㅋㅋㅋㅋㅋ 짱귀 ㅋㅋㅋㅋ 넘 귀여워서 배 를 막 UNK 빵 UNK 하아 .. 이 게 뭐라고 기분 이 사르르 풀리고 그르 냐 <EOS>"
--5qg5AY0X,👋🏻👽 // when boredom strikes and your makeup looks kinda ok #심심해 //,nan
--63y_OQGM,"#화이트그라데이션이랑눈꽃펄,글리터 #나도빨강빨강크리스마스st맘껏해보고싶다😅 . . #5(0;)NaiL 😻 #☎02.463.7358💋🎵 #성수역1번출구  #성수동오네일 #젤네일 #젤패디 #nailart #gel #gelnailart #인기아트  #케릭터아트  #손그림전문  #핸드페인팅 #겨울네일 #겨울패디 #겨울아트 #겨울젤컬러 #오네일 #젤네일전문샵 #5네일 #개그감백프로 #성수동힐링플레이스 #한땀한땀욜씨미그려주는 #착한샵 #오네일샵","화이트 그라데이션 이랑 눈꽃 펄 , 글리터 나도 빨강 빨강 크리스마스 st 맘껏 해보고싶다 . . ( ;) nail . 성수역 번 출구 성수동 오 네일 젤 네일 젤패디 nailart gel gelnailart 인기 아트 케릭 터 아트 손 그림 전문 핸드 페인 팅 겨울 네일 겨울 패디 겨울 아트 겨울 젤 컬러 오 네일 젤 네 일 전문 샵 네일 개그 감 백프로 성수동 힐링 플 레이스 한 땀 한 땀욜 씨 미 그려주는 착한 샵 오 네일 샵 <EOS>"
--6A18OL6v,뚜찌빠찌뽀찌,뚜찌빠찌뽀찌 <EOS>
--6BXRyHFJ,#마리코키친 #mariko'skitchen #오차즈케 #일본가정식 #ochazuke #japanesefood,마리 코 키친 UNK ' skitchen 오차즈케 일본 가정식 ochazuke japanesefood <EOS>
--6JU-AQcI,15.12.07 쫌 많이 귀엽다. 너네 👫 - #남친여친 #컵흘룩입고데이뚜 ☑️세상 편한 골덴바지 ☑️'엔쏘엔' 블로그 미니마켓에서 구매 가능하세요 ☑인스타리그램 /블로그응스로 엔쏘엔 함께해 주세요 #ensoen #엔쏘엔 #골덴오버롤 #골덴바지 #아기파자마 #파자마 #거즈턱받이 #출산세트 #아기옷 #홈웨어 #이지웨어 #육아 #육스타그램 #애스타그램 #아들스타그램 #인스타베이비 #instababy #귀요미 #myson #16개월 #16months #daily #육아소통 #tantan #김탄탄,. 쫌 많이 귀엽다 . 너 네 - 남친 여친 컵흘 룩 UNK 뚜 세상 편한 골덴바 지 ' 엔 쏘엔 ' 블로그 미니 마켓 에서 구매 가능하세요 인스타 리그 램 / 블로그 UNK 로 엔 쏘엔 함께해 주세요 ensoen 엔 쏘엔 골덴 오버 롤 골덴바 지 아기 파자마 파자마 거즈 턱 받이 출산 세트 아기 옷 홈웨어 이 지 웨어 육아 육 스타그램 애 스타그램 아들 스타그램 인스타 베이비 instababy 귀요미 myson 개월 months daily 육아 소통 tantan 김 탄탄 <EOS>
--6fK9P3fZ,Go eun byul & lee eun bi (left to right) lol 😂 #delusional #wildimagination #depressed #insane #expectations,nan
--7H4TuQGd,#여성&씸플~ #흠..나도싼타🎅그리고싶은데..🎨 #루돌프도🐎막막~그릴수있는데..💅 . . #5(0;)NaiL 😻 #☎02.463.7358💋🎵 #성수역1번출구  #성수동오네일 #젤네일 #젤패디 #nailart #gel #gelnailart #인기아트  #케릭터아트  #손그림전문  #핸드페인팅 #겨울네일 #겨울패디 #겨울아트 #겨울젤컬러 #오네일 #젤네일전문샵 #5네일 #개그감백프로 #성수동힐링플레이스 #한땀한땀욜씨미그려주는 #착한샵 #오네일샵,여성 & UNK ~ 흠 .. 나도 싼타 UNK .. 루돌프 도 막막 ~ UNK .. . . ( ;) nail . 성수역 번 출구 성수동 오 네일 젤 네일 젤패디 nailart gel gelnailart 인기 아트 케릭 터 아트 손 그림 전문 핸드 페인 팅 겨울 네일 겨울 패디 겨울 아트 겨울 젤 컬러 오 네일 젤 네 일 전문 샵 네일 개그 감 백프로 성수동 힐링 플 레이스 한 땀 한 땀욜 씨 미 그려주는 착한 샵 오 네일 샵 <EOS>
